# Hyperparameters - LR: 0.001 | Patience: 50 | Max Epochs: 1000
# Total_Time_sec: 801.2290
# Epochs_run: 676
# Time_per_epoch_sec: 1.185250
# Train_Loss,Val_Loss
1.963814519937478006e+06,1.778820946396959713e+06
1.887663242003970314e+06,1.701542152553490829e+06
1.802526879541257862e+06,1.626982830112515483e+06
1.723320471035502618e+06,1.556196027255606372e+06
1.652889416643429315e+06,1.485732947966025444e+06
1.572761852513550082e+06,1.417318026952840621e+06
1.499359665392927825e+06,1.351296793583376799e+06
1.428300699348266702e+06,1.286330492067860439e+06
1.358593606892132899e+06,1.221708897656541318e+06
1.289946839316698490e+06,1.159996166592491092e+06
1.227846565082869027e+06,1.097929571087026270e+06
1.160687367000171216e+06,1.038757824281069450e+06
1.098032383052889025e+06,9.813798559381305240e+05
1.033413166079185205e+06,9.253795748221977847e+05
9.767533666089940816e+05,8.700157669864417985e+05
9.154257290497543290e+05,8.175460842231983552e+05
8.585017832424954977e+05,7.680147836886472069e+05
8.047191730789798312e+05,7.187864599428549409e+05
7.540876243584492477e+05,6.714988739437740296e+05
7.028759007399673574e+05,6.268994876154838130e+05
6.572136005316002993e+05,5.830345746146300808e+05
6.076454202751899138e+05,5.409842081746427575e+05
5.641208241939703003e+05,5.004949145180421183e+05
5.255010842093193205e+05,4.620293834279134171e+05
4.824904155987363774e+05,4.255455300565486541e+05
4.438948965466885711e+05,3.902857766657797620e+05
4.051808996818938758e+05,3.562223855994249461e+05
3.652763008210147382e+05,3.237746814882686595e+05
3.366731962394536240e+05,2.922634144523756113e+05
3.008519298143757042e+05,2.631489829020221950e+05
2.716645542247129488e+05,2.354954690651617129e+05
2.403086598744331568e+05,2.089261174696227536e+05
2.115640997051573941e+05,1.842341360421708087e+05
1.841489855160043226e+05,1.616747895495069097e+05
1.621886124529935769e+05,1.407969891624836309e+05
1.392380789327154635e+05,1.218481679044581833e+05
1.191117969453268161e+05,1.058326176184705400e+05
1.037167395570260269e+05,9.053092289742009598e+04
8.771197035487262474e+04,7.724037417606642703e+04
7.538266927904415934e+04,6.527202355139212159e+04
6.341863847960984276e+04,5.476816536906598776e+04
5.247155866073962534e+04,4.574776112539552560e+04
4.346544945938586170e+04,3.801596036381099111e+04
3.498545804995229992e+04,3.169229106284774753e+04
2.979751281473696872e+04,2.641029154103955443e+04
2.441411493211295601e+04,2.214615300348198070e+04
2.015792291283385566e+04,1.871107126693362807e+04
1.712075153307414075e+04,1.605434890869116134e+04
1.474127150052687102e+04,1.401355406016745837e+04
1.295335067187388995e+04,1.245160588699350046e+04
1.123894216775536188e+04,1.121101238463871050e+04
1.017103885905134666e+04,1.021671984329499537e+04
9.290741967980815389e+03,9.559078953290783829e+03
8.513550519255526524e+03,8.835280592707968026e+03
7.831347283806140695e+03,8.177874369957046838e+03
7.183462218691069211e+03,7.666304897052920751e+03
6.619413809573331491e+03,7.111773728590837891e+03
6.107738104763796400e+03,6.543908377061670762e+03
5.674126451602950510e+03,6.175850222024306277e+03
5.328004650324150134e+03,5.811130560906645769e+03
5.046349762627437485e+03,5.593750643111964564e+03
4.812942213725074907e+03,5.399581123913427291e+03
4.611826797281874860e+03,5.200223777133100157e+03
4.471611118910571349e+03,5.065272566658568394e+03
4.315258726099482374e+03,4.847483478311531144e+03
4.198531372164834465e+03,4.685354446622817704e+03
4.101799033815334951e+03,4.658040375655007665e+03
4.000376673821248005e+03,4.500776584242694298e+03
3.913796497670912231e+03,4.328419164643813929e+03
3.840024304904379278e+03,4.277220429391482867e+03
3.758755989586722080e+03,4.147844421083866109e+03
3.691020530044513180e+03,4.111452058120224137e+03
3.618684096229434090e+03,4.007089285845343511e+03
3.571284466851626348e+03,3.918800137952963269e+03
3.508713627409727906e+03,3.876955612738076070e+03
3.468362666212855856e+03,3.805936936472902289e+03
3.416938123644440566e+03,3.752819393641414536e+03
3.365441971027858926e+03,3.726926501221004401e+03
3.332397027678940503e+03,3.620230896883683272e+03
3.290745468666495071e+03,3.633737682849733574e+03
3.240951052261154018e+03,3.572068457369751286e+03
3.200111117916219882e+03,3.491573333274400284e+03
3.156069252062282430e+03,3.427334361058924969e+03
3.115614259478623808e+03,3.377167765801136738e+03
3.082642571363563547e+03,3.352013330493188732e+03
3.042158528259842569e+03,3.307405803424513579e+03
3.004628188831761236e+03,3.263917688432628893e+03
2.978099148897603754e+03,3.280194025171073918e+03
2.945404589872337965e+03,3.192251119505503993e+03
2.910920232528406359e+03,3.137253217195387606e+03
2.870341218702347305e+03,3.115691353113903006e+03
2.839091378660907594e+03,3.146040999630086844e+03
2.806799381687091682e+03,3.102508407712400640e+03
2.772234140274107176e+03,3.033160035545800383e+03
2.735069773200754298e+03,3.000681695645236232e+03
2.705410205943618621e+03,2.977610891105700375e+03
2.674500728462081497e+03,2.933767069579674626e+03
2.640725324901064141e+03,2.876836501322286495e+03
2.605592439112507236e+03,2.843714657249029187e+03
2.568703490039806184e+03,2.815764553330668605e+03
2.543892986344448218e+03,2.826134361032380184e+03
2.519646241118544367e+03,2.753104457047459618e+03
2.479157437934382415e+03,2.696233427034664601e+03
2.448939257453565006e+03,2.689834721899767828e+03
2.420992889248570918e+03,2.672386379539484551e+03
2.388296343755462203e+03,2.658842018616023779e+03
2.353666421163648010e+03,2.589928685153417973e+03
2.327238171156656790e+03,2.581160478590004459e+03
2.318711721042312092e+03,2.526048527123693020e+03
2.273927832520309039e+03,2.504820654376094353e+03
2.235614477396587063e+03,2.492809957469501114e+03
2.201694187489542855e+03,2.439769281627607597e+03
2.186723595738814311e+03,2.394010994837572980e+03
2.157517210484324551e+03,2.368227381193575638e+03
2.124091467606896003e+03,2.350343718070185332e+03
2.088294005531980019e+03,2.336569903068023450e+03
2.064348921078452349e+03,2.269721207391320604e+03
2.036132733326823427e+03,2.285549901449431673e+03
2.009583034725884772e+03,2.238385852213029466e+03
1.988656005423855504e+03,2.187287828360791082e+03
1.962974376134779959e+03,2.232473370626885753e+03
1.933459608541053512e+03,2.198135979560564010e+03
1.907610362930173324e+03,2.182774700124126866e+03
1.871679532811901026e+03,2.127707389132734988e+03
1.854559851325417640e+03,2.048676970305947634e+03
1.828290651408414760e+03,2.040646519718715581e+03
1.800568322675777608e+03,2.032892423970002710e+03
1.774137568897429219e+03,2.002853821178980525e+03
1.754838382002357321e+03,1.989147662493209054e+03
1.730038033724368006e+03,1.941851754993507029e+03
1.703331014491903943e+03,1.917459526787096820e+03
1.676531312357434899e+03,1.917985937408807786e+03
1.651176252961036198e+03,1.867584211484588877e+03
1.621296694639590896e+03,1.854486057329230789e+03
1.596754054718287534e+03,1.807862195677779710e+03
1.572011689274746004e+03,1.774502247400075021e+03
1.547648462230761879e+03,1.774625384411844379e+03
1.514314125661354183e+03,1.736437938343566657e+03
1.493068014287349797e+03,1.695780597530576870e+03
1.470292083226478553e+03,1.689026978529598409e+03
1.440375550871712221e+03,1.666434480523466391e+03
1.417429994561744479e+03,1.616438516604082906e+03
1.396325987572136455e+03,1.578495767514463296e+03
1.374527795314787227e+03,1.560746949893687542e+03
1.348274697388470031e+03,1.561132201461812883e+03
1.328629568323794047e+03,1.528118967006594630e+03
1.307746235550667961e+03,1.479305655104077687e+03
1.288437772430068208e+03,1.487227897808051921e+03
1.266692856568381785e+03,1.460916196041776629e+03
1.247969458187147893e+03,1.419825990708465952e+03
1.225494565577692356e+03,1.417762109752968627e+03
1.206003442303446946e+03,1.372026378343693068e+03
1.189585767767064681e+03,1.372563170686301419e+03
1.168394446052886906e+03,1.367109227974600572e+03
1.148696597719986585e+03,1.326175081441043403e+03
1.135579140733978647e+03,1.297175228045485483e+03
1.118782493024812084e+03,1.288896325926941245e+03
1.099141217618374867e+03,1.251368327233650689e+03
1.082725601227649122e+03,1.234538010402340205e+03
1.061610777996926799e+03,1.236939297214321869e+03
1.039532433288179163e+03,1.203368391770356993e+03
1.033542727236414066e+03,1.164669745756511702e+03
1.012373357765430342e+03,1.148670208993359665e+03
9.942362927412599447e+02,1.147452954881574215e+03
9.735704385937457346e+02,1.138784683661771396e+03
9.609931523897414536e+02,1.083359747590982806e+03
9.452760191249566333e+02,1.102693128091098970e+03
9.271961254456373354e+02,1.052349531707420283e+03
9.126489124349005806e+02,1.044163198560229375e+03
8.954483244338315444e+02,1.032340562276967376e+03
8.987036482427539568e+02,1.024166993075960363e+03
8.872799598583185343e+02,1.029851092797957335e+03
8.602584338597023361e+02,9.867282772765963728e+02
8.445275570354474439e+02,9.348966735956601042e+02
8.326256672547372091e+02,9.612111018319212690e+02
8.125341131405139095e+02,9.518483123487199009e+02
8.019621817838531115e+02,9.169336085392762925e+02
7.856583903289284763e+02,8.923418595260737902e+02
7.760195348040964518e+02,8.766404806056526695e+02
7.631081674321001174e+02,8.666334248210619080e+02
7.469729615746272202e+02,8.558166348512231707e+02
7.329178912338912824e+02,8.517633123506858510e+02
7.201322366662730019e+02,8.243660945652165992e+02
7.130510909472347976e+02,8.187634402831533862e+02
6.935235320145942524e+02,7.989606652756235690e+02
6.841694855283435572e+02,7.743321801211752700e+02
6.768732817256249064e+02,7.817465963466066796e+02
6.683114904124489613e+02,7.501501728577729864e+02
6.495367700426249939e+02,7.504977631900779897e+02
6.422639888623145907e+02,7.334695441653670969e+02
6.313241101420188670e+02,7.412784881380196111e+02
6.211629227667599480e+02,7.016349929030352541e+02
6.128960386204477118e+02,6.936148551008900540e+02
5.979662128896915192e+02,6.787264021727905856e+02
5.953948527320658286e+02,6.804693487940559180e+02
5.936604153199890561e+02,6.771013227522134912e+02
5.811882780044890069e+02,6.614740219955169778e+02
5.666901530892481560e+02,6.339198291624085186e+02
5.561375109420987428e+02,6.385743420662952303e+02
5.485466434574613004e+02,6.269024017618476137e+02
5.532777580134271602e+02,6.290949359687178912e+02
5.430741500089339979e+02,6.191013426537354007e+02
5.303042969960820301e+02,6.067093052420827917e+02
5.179140925727580225e+02,6.011611491786917441e+02
5.117460797155684986e+02,5.782817179650946855e+02
5.041471179962612155e+02,5.651813305256334843e+02
5.028011587291048272e+02,5.720404689515628434e+02
4.985174083328585652e+02,5.547413408372357253e+02
4.859924148857877526e+02,5.577122824409494797e+02
4.896909521470016102e+02,5.678085453295057050e+02
4.756803209105785299e+02,5.465985066270234256e+02
4.685153087035470207e+02,5.373310183228940105e+02
4.608827442884085599e+02,5.154595866583575798e+02
4.567443756483627908e+02,5.110227063116199133e+02
4.485469824103540759e+02,5.181998201333133238e+02
4.407251138489055506e+02,4.976763723447152188e+02
4.366081735434416942e+02,4.871860761532767583e+02
4.351453534653219322e+02,5.030890699802712902e+02
4.353525426993436440e+02,4.864036825680396419e+02
4.259825399365191743e+02,4.805514943441734204e+02
4.177299637838232229e+02,4.876101209226524134e+02
4.265291368743982616e+02,4.744668636488686388e+02
4.198035068781479140e+02,4.698032741655014206e+02
4.079219491855969864e+02,4.645246108067826185e+02
4.004433389009390680e+02,4.581182781427415875e+02
3.912793437104052146e+02,4.540679694896292631e+02
3.930142392467822674e+02,4.466623247022320697e+02
3.827150118040446500e+02,4.406216618584791149e+02
3.830724342523408836e+02,4.391221822980966181e+02
3.785668580036866047e+02,4.339728979547564336e+02
3.860185253926482574e+02,4.347886776612816675e+02
3.731574061636044917e+02,4.158323804072709891e+02
3.693870684265817204e+02,4.193340583793269047e+02
3.648702660117177743e+02,4.276989600179334161e+02
3.546559027102007349e+02,3.964360587180652828e+02
3.554432067516110010e+02,4.013322288091288783e+02
3.474778743149502702e+02,4.057575466827667015e+02
3.450151750565985367e+02,3.982645831116485624e+02
3.444426787191686685e+02,3.880271887464782594e+02
3.396600763511374907e+02,3.846941715567293159e+02
3.344650356506887761e+02,3.835161530543820163e+02
3.288052775954537879e+02,3.779346884637997164e+02
3.254581370742810122e+02,3.782515672118814791e+02
3.201423275421298626e+02,3.576734315617770221e+02
3.204650487569089705e+02,3.737551517590795811e+02
3.230934452032494733e+02,3.684272983036374853e+02
3.194527990321523703e+02,3.620342810886438087e+02
3.075448188403285030e+02,3.584126736501465302e+02
3.115598784570656221e+02,3.504570576759998630e+02
3.075274037746550562e+02,3.544139753626390643e+02
3.044599194936371305e+02,3.398603335823211182e+02
2.970620000231615450e+02,3.471700335185398671e+02
2.970475864349822928e+02,3.398546924794315487e+02
2.920722348066101404e+02,3.336973228177079704e+02
2.972702794230335144e+02,3.410931455987090430e+02
2.859674844717374071e+02,3.213907964543376465e+02
2.814476088370348634e+02,3.175315744316243354e+02
2.824826953801570539e+02,3.259515050447677140e+02
2.780917857298029503e+02,3.110140908659731167e+02
2.790263774938938468e+02,3.286292438180291242e+02
2.734559290225643053e+02,3.187846639285527317e+02
2.771520672771226828e+02,3.193632702514469770e+02
2.686206693596501509e+02,3.053529998023179814e+02
2.634740851729765723e+02,3.000611167072049739e+02
2.627885111204329860e+02,3.013111859627823605e+02
2.708164998394690315e+02,3.066294352792750715e+02
2.724955135440212075e+02,3.029739910570016832e+02
2.791175514400277962e+02,3.036433034715889789e+02
2.620864520922284555e+02,3.139286659285140786e+02
2.572786921202272765e+02,2.917286156680532372e+02
2.535045118927781118e+02,2.906991210008274606e+02
2.548510946302437503e+02,2.964487721730082512e+02
2.498333399400283383e+02,2.946023969422949449e+02
2.463921229567503417e+02,2.846689848127808773e+02
2.404010585917232277e+02,2.750392205508211987e+02
2.395128291208390579e+02,2.776692096552834528e+02
2.398883326919987553e+02,2.704347536699692682e+02
2.413803359897833332e+02,2.805745650831696025e+02
2.416538917628205070e+02,2.758326834293924890e+02
2.470456467415992847e+02,2.906077710465414157e+02
2.451197551509830532e+02,2.700648584221520423e+02
2.292033519811142526e+02,2.679383521193369120e+02
2.248725632621515444e+02,2.591664177629431265e+02
2.266645013499293952e+02,2.652227510973169728e+02
2.253215377179902532e+02,2.660886431444234859e+02
2.235878346985284679e+02,2.545163265632324681e+02
2.209743810918274107e+02,2.654384671440747070e+02
2.257395952828314876e+02,2.564073630912733393e+02
2.156776602829477270e+02,2.522249929997029199e+02
2.167668789580948783e+02,2.545689934295380112e+02
2.164740052155687806e+02,2.551098364798629063e+02
2.119034902593880929e+02,2.467422912266105186e+02
2.078695996663248309e+02,2.531568400873804023e+02
2.145188481028480396e+02,2.554666884330743812e+02
2.122016284025655182e+02,2.403255288415302289e+02
2.081549155055367635e+02,2.451985753300641306e+02
2.066231332524059781e+02,2.396765962225939575e+02
2.125174997969775745e+02,2.487275000445449677e+02
2.117486728248750296e+02,2.436022744405109961e+02
2.001235597670272170e+02,2.424186446009145470e+02
2.080200137928514152e+02,2.395580483881531109e+02
2.044227719778783410e+02,2.488750557381176804e+02
2.056121155522301649e+02,2.418898930294012928e+02
1.989979069098207560e+02,2.336635527256453884e+02
2.008680535623085461e+02,2.277145316188990023e+02
1.931949869380506186e+02,2.292451675446357058e+02
1.947729345367725955e+02,2.319969383491581425e+02
1.979135518120143615e+02,2.286895826358303907e+02
1.938266523420093677e+02,2.337612767392980686e+02
1.967329103018315095e+02,2.306649576770524277e+02
1.958237526540786462e+02,2.330498379594947096e+02
1.908878058724986033e+02,2.262343510210408226e+02
1.866569268988342571e+02,2.255956807311691250e+02
1.875420710985627863e+02,2.214921649394073597e+02
1.838405926272329509e+02,2.180374388753078279e+02
1.825132422549354487e+02,2.162397700225599806e+02
1.817582744002606887e+02,2.162058090856089336e+02
1.820585645711694838e+02,2.190757025498818393e+02
1.788800213064263289e+02,2.137845363496772109e+02
1.784921974548904018e+02,2.118268961828263457e+02
1.758433048266786614e+02,2.223186569010823064e+02
1.902495910400959644e+02,2.070783599712973455e+02
1.803747088653438482e+02,2.169191303743371009e+02
1.742370552323037600e+02,2.164645719133175135e+02
1.778611200147809939e+02,2.059392034072477031e+02
1.751706582029685819e+02,2.120459985330519146e+02
1.746065369834480521e+02,2.039284546717017292e+02
1.700647884878077036e+02,2.093717737841270718e+02
1.692118696950759613e+02,2.087396778966319175e+02
1.680778401711653203e+02,1.935806223021937171e+02
1.685190808824396527e+02,2.070747904658366565e+02
1.652475722810661694e+02,2.058675456340637879e+02
1.658795581032462962e+02,2.116439796435358289e+02
1.733531567471316350e+02,1.981096076956908121e+02
1.656017194271397557e+02,1.974926356291823879e+02
1.627797170759638448e+02,2.016264841033773223e+02
1.686806128096058899e+02,1.986144928509149850e+02
1.678544563829441358e+02,2.019569567495085778e+02
1.624694107008164679e+02,1.952644637331713398e+02
1.594413261688245882e+02,1.960253490513910037e+02
1.595435046089576758e+02,1.915821164981823586e+02
1.622813871993781731e+02,1.958152535381773589e+02
1.576568365255566562e+02,1.958861215629426624e+02
1.584877439051387853e+02,1.873029805398508643e+02
1.526926498496244164e+02,1.893322745884599954e+02
1.575160862579309935e+02,1.938754336484935550e+02
1.528605713312755086e+02,1.868997347895781900e+02
1.520567559999651621e+02,1.873224174312535411e+02
1.538487832709321594e+02,1.913284524580377308e+02
1.629441156688686192e+02,1.870282142276479931e+02
1.549788367134158307e+02,1.949770480390272382e+02
1.554467923080832463e+02,1.982108624745990255e+02
1.626754949973270072e+02,1.850400434441417303e+02
1.482817328326883057e+02,1.837922655600242479e+02
1.501872141743499469e+02,1.800448175070062007e+02
1.515157445757068331e+02,1.897682147819411114e+02
1.510228593143345108e+02,1.729451087058105543e+02
1.462264727266559987e+02,1.781792342144904069e+02
1.472737920472197857e+02,1.852514599603767920e+02
1.516862651947346876e+02,1.961359706807704129e+02
1.452441836409796849e+02,1.829309996804968250e+02
1.521898987328253554e+02,1.847855653798433480e+02
1.490412818152664727e+02,1.840744249550029394e+02
1.466302414973638406e+02,1.755676880614180391e+02
1.457704449518955983e+02,1.733366358483174565e+02
1.464614479947560426e+02,1.759747363276077010e+02
1.436461691627803532e+02,1.774919129481341997e+02
1.467304366744091624e+02,1.786875484652148884e+02
1.403001857925782190e+02,1.752063515749441649e+02
1.449099686734143404e+02,1.819408487318119683e+02
1.401023423314927356e+02,1.743226504835220112e+02
1.417222153422211193e+02,1.807537098185350146e+02
1.441523959812026590e+02,1.786400508126721434e+02
1.419474052504401129e+02,1.708797524269703274e+02
1.416325198804704542e+02,1.748652968550184710e+02
1.453007641117717412e+02,1.759689562723589802e+02
1.365368777063438301e+02,1.676962274704704043e+02
1.360405891207853699e+02,1.726116197605012701e+02
1.350349969184954659e+02,1.677038700247227325e+02
1.336631130012698918e+02,1.636584697253889544e+02
1.346333729097142964e+02,1.683250665959484422e+02
1.317372193472134825e+02,1.666036634483806154e+02
1.347618699952468262e+02,1.672081753148380017e+02
1.354448855993539667e+02,1.715107338151826184e+02
1.389787825604986153e+02,1.762150967930818126e+02
1.387957417566423999e+02,1.695058480685319182e+02
1.341630798714970751e+02,1.709827956479940951e+02
1.324220847876154608e+02,1.664826596513753429e+02
1.331767170417965360e+02,1.691690463994938511e+02
1.367520367584461098e+02,1.755460655804913017e+02
1.346553847644537427e+02,1.644220324604700636e+02
1.347527138014534387e+02,1.606716748165424917e+02
1.324651998703434401e+02,1.688977124634800759e+02
1.349130482119971646e+02,1.699260507263425097e+02
1.335554271889663482e+02,1.675352985548893230e+02
1.318038748171241821e+02,1.639809674737291516e+02
1.387930612789827194e+02,1.566542694276809016e+02
1.282330360740394326e+02,1.655632726944683384e+02
1.305374236046071417e+02,1.648353438119804366e+02
1.281679658376685893e+02,1.591852398659308392e+02
1.270789620516424918e+02,1.649830447074118069e+02
1.287030343838388546e+02,1.562623462961431358e+02
1.265230436923503845e+02,1.607624868831522917e+02
1.216067547356261684e+02,1.618864333384465226e+02
1.240596374837113842e+02,1.609097200725894936e+02
1.233706891546985389e+02,1.627622802074773460e+02
1.336154865824735793e+02,1.597139731321362319e+02
1.273303453894872490e+02,1.632982735187569574e+02
1.249991287616321358e+02,1.578283741415602890e+02
1.252355248420881111e+02,1.679675723894526698e+02
1.236770213705261767e+02,1.577487970697246737e+02
1.203825867575468465e+02,1.537133550743652677e+02
1.194170427798782015e+02,1.570909685285088244e+02
1.226590813212974638e+02,1.599085106969352523e+02
1.227487009956779929e+02,1.566677157931371198e+02
1.173582076671519303e+02,1.616896919677768665e+02
1.259231827061245355e+02,1.526152924862370810e+02
1.197368614350602911e+02,1.573986415926750624e+02
1.214812842162850757e+02,1.584894631560974290e+02
1.297056222660548883e+02,1.654278358627362024e+02
1.190688651135415483e+02,1.578727760000108447e+02
1.222323921480268467e+02,1.513427949928266969e+02
1.200080977665892021e+02,1.571401140674774695e+02
1.268917119384724828e+02,1.533412420641419374e+02
1.210393610707214691e+02,1.520656918117272767e+02
1.213605411348569447e+02,1.556478475710897555e+02
1.231219389126582087e+02,1.648343763557038812e+02
1.197688135679397448e+02,1.673166473280544437e+02
1.249944714010639615e+02,1.527849819633712229e+02
1.235293459055991576e+02,1.521547767389976684e+02
1.166546963621320288e+02,1.444687021131516644e+02
1.212223157898861814e+02,1.583085696647849545e+02
1.179081035184674136e+02,1.593671495107108456e+02
1.248320192619105882e+02,1.543457816927343060e+02
1.216745479431710066e+02,1.483508441800195214e+02
1.189746484221866325e+02,1.598053592977857988e+02
1.175651362255852916e+02,1.495315263419226994e+02
1.212123176957432094e+02,1.532211992302149497e+02
1.193223923539350437e+02,1.547934479593259880e+02
1.155453344480110189e+02,1.463848087140515872e+02
1.148631831011104509e+02,1.483874916529337042e+02
1.158899360606286848e+02,1.541365704405423003e+02
1.169272764050109288e+02,1.502439619739423335e+02
1.208907740497718208e+02,1.539987718191423482e+02
1.192881350552725337e+02,1.478311387674443722e+02
1.097541629368322589e+02,1.467822274896539625e+02
1.174539751056355357e+02,1.482101334968225501e+02
1.167388362877666026e+02,1.548802377860041588e+02
1.138537701816052561e+02,1.478159726654127724e+02
1.106257674964972750e+02,1.493184736980101661e+02
1.076905462736184944e+02,1.424181752325358730e+02
1.069689380531486904e+02,1.446911814745032530e+02
1.138273607335713393e+02,1.426153553438235235e+02
1.108053210403288631e+02,1.441701032134166383e+02
1.122298484993582548e+02,1.429478324506907825e+02
1.141358326968191221e+02,1.510487693019267681e+02
1.163053159223424444e+02,1.423870339328863679e+02
1.135332166992644147e+02,1.457207990700698303e+02
1.117691535903253879e+02,1.463302249986199115e+02
1.082442253870346889e+02,1.429100001539516711e+02
1.106414615193425846e+02,1.544633869192222164e+02
1.127042809910559669e+02,1.478831485530975556e+02
1.116949016452279011e+02,1.471354790331440086e+02
1.180776897458322026e+02,1.577626638449916641e+02
1.176849039094793881e+02,1.521981923060001805e+02
1.093730112214111472e+02,1.414065403495016255e+02
1.102683723157571194e+02,1.432567167167783850e+02
1.177263016082545448e+02,1.422738098107954556e+02
1.089907662175462519e+02,1.390921027795415625e+02
1.076745365871380642e+02,1.467176867294101044e+02
1.062595264836927100e+02,1.388157421505940192e+02
1.030650169163497907e+02,1.410359735229660600e+02
1.034121699037223721e+02,1.399457629412695212e+02
1.050745472978592971e+02,1.363196243695617227e+02
1.050714167230834164e+02,1.366432006628851070e+02
1.112308469158510604e+02,1.433941931658546878e+02
1.091371703186409405e+02,1.434740403455719502e+02
1.075461532192632887e+02,1.396822319611513308e+02
1.054775530020753536e+02,1.339625748516650958e+02
1.066356718204723109e+02,1.360833054829226967e+02
1.046739872382322289e+02,1.396515189654506059e+02
1.046458413919676218e+02,1.421463035536820598e+02
1.103132370521967971e+02,1.390138554907454704e+02
1.082200341538041499e+02,1.420182598671270569e+02
1.030467399948583278e+02,1.332258307647051936e+02
1.018465295697504018e+02,1.361336505263342929e+02
1.013832405373186845e+02,1.408027481053502186e+02
1.090791077764049675e+02,1.401094616462503382e+02
1.024701081272984311e+02,1.402754904405855996e+02
1.048328188386995237e+02,1.364449940015394418e+02
1.000154406775296252e+02,1.355948871992418958e+02
1.024654696788626040e+02,1.402036595033743538e+02
1.042411303128328797e+02,1.419839286809691998e+02
1.054962356323985375e+02,1.383497716457560216e+02
1.175301650986327786e+02,1.465174855910685494e+02
1.045515270988576901e+02,1.459237415039347070e+02
1.040365545289677129e+02,1.296120591409109011e+02
1.018920769943567279e+02,1.356216051409978718e+02
9.937006390542671852e+01,1.358228765427004419e+02
9.980646044206312695e+01,1.379292064040231480e+02
1.032991381899483230e+02,1.405237284301691147e+02
1.006200387130532192e+02,1.379032959021086810e+02
1.039834242108921103e+02,1.421052308363754832e+02
1.010683155617308842e+02,1.324397588999434845e+02
1.012466356938584511e+02,1.389963521465878955e+02
9.991552996271708764e+01,1.351804455018850604e+02
9.957759439903260557e+01,1.323968052262103186e+02
1.085114556471334453e+02,1.353870225465206545e+02
1.010982655357534412e+02,1.463186219678855196e+02
1.052221212700860207e+02,1.408674497597268385e+02
1.010133048683592847e+02,1.329091645924447675e+02
9.829696577845498950e+01,1.367785063644593322e+02
1.004826358835889550e+02,1.383378216328785584e+02
9.799842655849647599e+01,1.340628404382678127e+02
9.747184613727425528e+01,1.351652789575831548e+02
9.849518365573516121e+01,1.390943744769642194e+02
9.866764757228297356e+01,1.274161832681776048e+02
9.659015464569814924e+01,1.286386066443345726e+02
9.692466737088531659e+01,1.340263430023859996e+02
1.017189387344819238e+02,1.354381216982666842e+02
9.747400697981251483e+01,1.323010069846257579e+02
9.691874155542991787e+01,1.365766814173417742e+02
1.021085338071171407e+02,1.372510052006458352e+02
9.774875756082964529e+01,1.274289028636407721e+02
9.743460529578803175e+01,1.313417340587873525e+02
9.709253425226044953e+01,1.368706527614857862e+02
9.594318467883491053e+01,1.369825665746137986e+02
9.649730810668120284e+01,1.275202034353764589e+02
1.004058946161664210e+02,1.382840210990754315e+02
1.021181117316734372e+02,1.240294144290975282e+02
9.432057406711058434e+01,1.406979672841926003e+02
9.621498985118149960e+01,1.287521324258298137e+02
9.562211636290724925e+01,1.279305413989493445e+02
9.681313136987981238e+01,1.320884350290236853e+02
9.536649773088923610e+01,1.348556613821320411e+02
9.927712540723946688e+01,1.323057532781130305e+02
1.003713220437340539e+02,1.363987050145914282e+02
9.721905875335986025e+01,1.296700618188875183e+02
9.513505444978204650e+01,1.305011878326090766e+02
9.331743068876107827e+01,1.279725305800575086e+02
9.581257464618357744e+01,1.349912432948146659e+02
9.205095926262924877e+01,1.398926284559804571e+02
9.616456555364781877e+01,1.282432684168904871e+02
1.026342679725971436e+02,1.285305904943915039e+02
9.825001387295060340e+01,1.321240667566394222e+02
9.672698459232000801e+01,1.381339769254113321e+02
9.719497671919435788e+01,1.325441193386318730e+02
9.341290364699527515e+01,1.317760758812114545e+02
9.700874508357500758e+01,1.292806467332805482e+02
9.275806065151641633e+01,1.284019196269255190e+02
9.451936666992153846e+01,1.301743008401516590e+02
9.866924682581645811e+01,1.291122282982536547e+02
9.854746773225276968e+01,1.277482426096603376e+02
9.479194393534000085e+01,1.305063536149972947e+02
8.852105449684924565e+01,1.358114103526614258e+02
1.011638973986858900e+02,1.309420222023106533e+02
9.347166932307941067e+01,1.276305371533063351e+02
9.359780604165449347e+01,1.311051868285468629e+02
9.778410729599906404e+01,1.440170625933443489e+02
9.470801349690421489e+01,1.303276923199034059e+02
9.314903835830062917e+01,1.299009579204702050e+02
9.611312720782679264e+01,1.262494239780554182e+02
9.120772144076430266e+01,1.335180854169734346e+02
9.254400159269229675e+01,1.256436400231718409e+02
9.464368268339345036e+01,1.266493272959952918e+02
9.220872217647705327e+01,1.257390636419638952e+02
9.428831455176197096e+01,1.371042916523604731e+02
9.604866048418008972e+01,1.370614867728462798e+02
9.422443382195244510e+01,1.235383474414819602e+02
9.457114295711804175e+01,1.282931151511203325e+02
9.348701973658080533e+01,1.307182247816274980e+02
8.923611981927632542e+01,1.257513211654104879e+02
9.313649352461138164e+01,1.233472682375750935e+02
9.345511530136599276e+01,1.236985448503173330e+02
9.043087439681053752e+01,1.249943084310811656e+02
9.183379408632680452e+01,1.297554383519820647e+02
9.097979678228740852e+01,1.236831652748785189e+02
9.380982275634818279e+01,1.346918311777048700e+02
8.906123063964464848e+01,1.236628313217522930e+02
8.860210868793194550e+01,1.299657059098747425e+02
8.948020057996220089e+01,1.261244610908232175e+02
8.774525827939764611e+01,1.261210106684674770e+02
9.103985110527500524e+01,1.294677309419235485e+02
9.054911200020761441e+01,1.291009856332485128e+02
9.414385967919454856e+01,1.357622952387051498e+02
9.307810931587559367e+01,1.282754330916765753e+02
8.937110000017966627e+01,1.283081905108676892e+02
9.282194763500304191e+01,1.279280255978414971e+02
8.913851166523065217e+01,1.298801024687257950e+02
9.379735125176081567e+01,1.202111790919888676e+02
8.697551589025255225e+01,1.255665827571069286e+02
9.052141571547589649e+01,1.231268731972391492e+02
9.063738278039227225e+01,1.180375731255019218e+02
8.880435764091272688e+01,1.269397627384057046e+02
9.229746570944645612e+01,1.260636811294678523e+02
8.715996130350789883e+01,1.245134589995744534e+02
8.778777638346016943e+01,1.214015683658759315e+02
8.715638649635511115e+01,1.250300236024534399e+02
9.313909951707989876e+01,1.272560914959889544e+02
8.839503873145581281e+01,1.335588598772472437e+02
9.427804198202113639e+01,1.230558133655874258e+02
8.677710194629439400e+01,1.308222273751395051e+02
8.789364618349328850e+01,1.249383727312415431e+02
8.861711521275202585e+01,1.207680954527316430e+02
8.866737705105791179e+01,1.245720286135013168e+02
8.988438777470281593e+01,1.411500534704694019e+02
9.005589353523977536e+01,1.251040139854227391e+02
8.795867887852422484e+01,1.237565198946575862e+02
8.972500169776144219e+01,1.327429145145931386e+02
8.852202571014457533e+01,1.255352817506818042e+02
8.639545226133526512e+01,1.230207268741557982e+02
9.020561446140730766e+01,1.279603249727572347e+02
8.582747237905077498e+01,1.208780547293644929e+02
8.630922414863229619e+01,1.224557600496883367e+02
8.695085303727847759e+01,1.227567613851295931e+02
8.838506140265222655e+01,1.249711065103918770e+02
9.054151919569247298e+01,1.167845802431989739e+02
8.881395140900777108e+01,1.299435878206831205e+02
8.864642254178274072e+01,1.241728985495347786e+02
8.855821634725585056e+01,1.358859354190149134e+02
9.089124588425224260e+01,1.233159973002669858e+02
9.078810820967920847e+01,1.294655997424158613e+02
9.153779821544867445e+01,1.291363424380589890e+02
8.603226823035676318e+01,1.246256478642015963e+02
8.518348589833246365e+01,1.250931272973520834e+02
8.935378056592685425e+01,1.150538697229651746e+02
8.545128278067797112e+01,1.220084951387965333e+02
8.925318850275790794e+01,1.204410536642753868e+02
8.684717339953338922e+01,1.284434786629259406e+02
8.522314477310106895e+01,1.235511102551266589e+02
8.859318355475444662e+01,1.249523757259430852e+02
8.514327702763489469e+01,1.228688118071641782e+02
8.544303073242696200e+01,1.242957939653571202e+02
9.129632370948472442e+01,1.319916442415051279e+02
9.393512734007454412e+01,1.339914983511965829e+02
8.862456112360779059e+01,1.242654105271195988e+02
8.878453581266128936e+01,1.257234330208118536e+02
8.503057552919628392e+01,1.174579307668384445e+02
8.687252919102304816e+01,1.217007686768275505e+02
8.764429889055462297e+01,1.222720812940832076e+02
8.898848991426801547e+01,1.249314050348896785e+02
8.754083311227883257e+01,1.295477796658465195e+02
9.219238036677401738e+01,1.380942826390496521e+02
9.318188622157940415e+01,1.279675013235721224e+02
8.685027712076211515e+01,1.208047761097693638e+02
8.378650667379572781e+01,1.310825084472324988e+02
8.378222260388149323e+01,1.212115571861143621e+02
8.629917784668599268e+01,1.204214163659425196e+02
8.224736943486368546e+01,1.261561772031811302e+02
8.742703668569134834e+01,1.316265756356547740e+02
8.716454263545999481e+01,1.220672653732355144e+02
8.454537344513282449e+01,1.218252194291016082e+02
8.592733815052854141e+01,1.216283140700246292e+02
8.483442580286043722e+01,1.177777975280955047e+02
8.287856440206118691e+01,1.278531534948465378e+02
9.467772343838718996e+01,1.279617720354640937e+02
9.233757924089974267e+01,1.231446163834059462e+02
9.823049091682800338e+01,1.291370309895450248e+02
8.372711142682514662e+01,1.227651354110878401e+02
8.638345556875668763e+01,1.213747220756367255e+02
8.133667207349907358e+01,1.164877586121297810e+02
8.850252942108622278e+01,1.287155883873577977e+02
8.638318674462846047e+01,1.228597954369208196e+02
9.306575772851942929e+01,1.267375534719143388e+02
9.434309089524793990e+01,1.296798823106581438e+02
8.917541551812949763e+01,1.191684877108551177e+02
8.220950780359808618e+01,1.165513207831554041e+02
8.658171775889512389e+01,1.212832982546250662e+02
8.342963962036911596e+01,1.205697906242242965e+02
8.471847178725938932e+01,1.220521172502036507e+02
8.410815918444761508e+01,1.228612594313380555e+02
8.344025616946368018e+01,1.220210796881654147e+02
8.663504624711055158e+01,1.212363029194891624e+02
8.400417513664081071e+01,1.183425284555363248e+02
8.112135062363404359e+01,1.175500484623303379e+02
8.764866728268367524e+01,1.261531161149498530e+02
